"ID";"Origen";"Region";"Comuna";"Km";"Peaje";"Tag";"PrecioBruto";"PrecioFinal";"Min";"Activa";"Notas";"Creada";"Actualizada"
"256";"QUILICURA";"LIBERTADOR BERNARDO OHIGGINS";"PICHILEMU";"214";"11690";"11690";"59760";"178408";"190";"true";"";"27-02-2026 18:46";"26-03-2026 14:42"
"255";"QUILICURA";"MAULE";"HUALA¥E";"200";"3000";"0";"37000";"114680";"150";"true";"";"09-02-2026 13:19";"26-03-2026 14:42"
"254";"QUILICURA";"LIBERTADOR BERNARDO OHIGGINS";"DO¥IHUE";"85";"0";"1500";"15950";"55740";"64";"true";"";"09-02-2026 13:19";"26-03-2026 14:42"
"253";"QUILICURA";"COQUIMBO";"VICU¥A";"520";"7000";"0";"95400";"278200";"390";"true";"";"09-02-2026 13:19";"26-03-2026 14:42"
"252";"QUILICURA";"VALPARAISO";"PUTAENDO";"60";"0";"1500";"11700";"43840";"45";"true";"";"09-02-2026 13:15";"26-03-2026 14:42"
"251";"QUILICURA";"VALPARAISO";"PANQUEHUE";"60";"0";"1500";"11700";"43840";"45";"true";"";"09-02-2026 13:15";"26-03-2026 14:42"
"250";"QUILICURA";"VALPARAISO";"LLAY LLAY";"60";"0";"1500";"11700";"43840";"45";"true";"";"09-02-2026 13:15";"26-03-2026 14:42"
"249";"QUILICURA";"VALPARAISO";"LA LIGUA";"60";"0";"1500";"11700";"43840";"45";"true";"";"09-02-2026 13:15";"26-03-2026 14:42"
"248";"QUILICURA";"VALPARAISO";"CATEMU";"60";"0";"1500";"11700";"43840";"45";"true";"";"09-02-2026 13:15";"26-03-2026 14:42"
"247";"QUILICURA";"VALPARAISO";"CABILDO";"60";"0";"1500";"11700";"43840";"45";"true";"";"09-02-2026 13:15";"26-03-2026 14:42"
"246";"QUILICURA";"VALPARAISO";"ZAPALLAR";"150";"2500";"1500";"29500";"93680";"112";"true";"";"09-02-2026 13:15";"26-03-2026 14:42"
"245";"QUILICURA";"VALPARAISO";"SANTO DOMINGO";"190";"2500";"0";"34800";"108520";"142";"true";"";"09-02-2026 13:15";"26-03-2026 14:42"
"244";"QUILICURA";"VALPARAISO";"QUINTERO";"120";"2500";"1500";"24400";"79400";"90";"true";"";"09-02-2026 13:15";"26-03-2026 14:42"
"243";"QUILICURA";"VALPARAISO";"PUCHUNCAVI";"120";"2500";"1500";"24400";"79400";"90";"true";"";"09-02-2026 13:15";"26-03-2026 14:42"
"242";"QUILICURA";"VALPARAISO";"PAPUDO";"120";"2500";"1500";"24400";"79400";"90";"true";"";"09-02-2026 13:15";"26-03-2026 14:42"
"241";"QUILICURA";"VALPARAISO";"ALGARROBO";"120";"2500";"1500";"24400";"79400";"90";"true";"";"09-02-2026 13:15";"26-03-2026 14:42"
"240";"QUILICURA";"VALPARAISO";"EL TABO";"120";"2500";"1500";"24400";"79400";"90";"true";"";"09-02-2026 13:15";"26-03-2026 14:42"
"239";"QUILICURA";"VALPARAISO";"EL QUISCO";"170";"2500";"0";"31400";"99000";"128";"true";"";"09-02-2026 13:15";"26-03-2026 14:42"
"238";"QUILICURA";"SANTIAGO";"CURACAVI";"60";"0";"1500";"11700";"43840";"45";"true";"";"09-02-2026 13:15";"26-03-2026 14:42"
"237";"QUILICURA";"VALPARAISO";"CASABLANCA";"150";"2500";"1500";"29500";"93680";"112";"true";"";"09-02-2026 13:15";"26-03-2026 14:42"
"236";"QUILICURA";"VALPARAISO";"CARTAGENA";"160";"2500";"0";"29700";"94240";"120";"true";"";"09-02-2026 13:15";"26-03-2026 14:42"
"235";"QUILICURA";"VALPARAISO";"SANTA MARIA";"60";"0";"1500";"11700";"43840";"45";"true";"";"09-02-2026 13:15";"26-03-2026 14:42"
"234";"QUILICURA";"VALPARAISO";"SAN FELIPE";"60";"0";"1500";"11700";"43840";"45";"true";"";"09-02-2026 13:15";"26-03-2026 14:42"
"233";"QUILICURA";"VALPARAISO";"SAN ESTEBAN";"120";"2500";"1500";"24400";"79400";"90";"true";"";"09-02-2026 13:15";"26-03-2026 14:42"
"232";"QUILICURA";"VALPARAISO";"RINCONADA";"60";"0";"1500";"11700";"43840";"45";"true";"";"09-02-2026 13:15";"26-03-2026 14:42"
"231";"QUILICURA";"VALPARAISO";"NOGALES";"60";"0";"1500";"11700";"43840";"45";"true";"";"09-02-2026 13:15";"26-03-2026 14:42"
"230";"QUILICURA";"VALPARAISO";"LOS ANDES";"80";"0";"1500";"15100";"53360";"60";"true";"";"09-02-2026 13:15";"26-03-2026 14:42"
"229";"QUILICURA";"VALPARAISO";"HIJUELA";"60";"0";"1500";"11700";"43840";"45";"true";"";"09-02-2026 13:15";"26-03-2026 14:42"
"228";"QUILICURA";"VALPARAISO";"CALLE LARGA";"60";"0";"1500";"11700";"43840";"45";"true";"";"09-02-2026 13:15";"26-03-2026 14:42"
"227";"QUILICURA";"VALPARAISO";"VIÑA DEL MAR";"120";"2500";"1500";"24400";"79400";"90";"true";"";"09-02-2026 13:15";"26-03-2026 14:42"
"226";"QUILICURA";"VALPARAISO";"VILLA ALEMANA";"120";"2500";"1500";"24400";"79400";"90";"true";"";"09-02-2026 13:15";"26-03-2026 14:42"
"225";"QUILICURA";"VALPARAISO";"VALPARAISO";"130";"2500";"1500";"26100";"84160";"98";"true";"";"09-02-2026 13:15";"26-03-2026 14:42"
"224";"QUILICURA";"VALPARAISO";"SAN ANTONIO";"120";"2500";"1500";"24400";"79400";"90";"true";"";"09-02-2026 13:15";"26-03-2026 14:42"
"223";"QUILICURA";"VALPARAISO";"QUILPUE";"110";"2500";"1500";"22700";"74640";"82";"true";"";"09-02-2026 13:15";"26-03-2026 14:42"
"222";"QUILICURA";"VALPARAISO";"QUILLOTA";"120";"2500";"1500";"24400";"79400";"90";"true";"";"09-02-2026 13:15";"26-03-2026 14:42"
"221";"QUILICURA";"VALPARAISO";"OLMUE";"120";"2500";"1500";"24400";"79400";"90";"true";"";"09-02-2026 13:15";"26-03-2026 14:42"
"220";"QUILICURA";"VALPARAISO";"LIMACHE";"120";"2500";"1500";"24400";"79400";"90";"true";"";"09-02-2026 13:15";"26-03-2026 14:42"
"219";"QUILICURA";"VALPARAISO";"LA CRUZ";"120";"2500";"1500";"24400";"79400";"90";"true";"";"09-02-2026 13:15";"26-03-2026 14:42"
"218";"QUILICURA";"VALPARAISO";"LA CALERA";"70";"0";"1500";"13400";"48600";"52";"true";"";"09-02-2026 13:15";"26-03-2026 14:42"
"217";"QUILICURA";"VALPARAISO";"CONCON";"130";"2500";"1500";"26100";"84160";"98";"true";"";"09-02-2026 13:15";"26-03-2026 14:42"
"216";"QUILICURA";"TARAPACA";"ALTO HOSPICIO";"1990";"10000";"0";"348300";"986320";"1492";"true";"";"09-02-2026 13:15";"26-03-2026 14:42"
"215";"QUILICURA";"TARAPACA";"IQUIQUE";"1970";"10000";"0";"344900";"976800";"1478";"true";"";"09-02-2026 13:15";"26-03-2026 14:42"
"214";"QUILICURA";"ÑUBLE";"SAN NICOLAS";"520";"7500";"0";"95900";"279600";"390";"true";"";"09-02-2026 13:15";"26-03-2026 14:42"
"213";"QUILICURA";"ÑUBLE";"QUIRIHUE";"560";"7500";"0";"102700";"298640";"420";"true";"";"09-02-2026 13:15";"26-03-2026 14:42"
"212";"QUILICURA";"ÑUBLE";"QUILLON";"545";"7500";"0";"100150";"291500";"409";"true";"";"09-02-2026 13:15";"26-03-2026 14:42"
"211";"QUILICURA";"ÑUBLE";"NINHUE";"540";"7500";"0";"99300";"289120";"405";"true";"";"09-02-2026 13:15";"26-03-2026 14:42"
"210";"QUILICURA";"ÑUBLE";"COIHUECO";"535";"7500";"0";"98450";"286740";"401";"true";"";"09-02-2026 13:15";"26-03-2026 14:42"
"209";"QUILICURA";"ÑUBLE";"COELEMU";"545";"7500";"0";"100150";"291500";"409";"true";"";"09-02-2026 13:15";"26-03-2026 14:42"
"208";"QUILICURA";"ÑUBLE";"SAN CARLOS";"530";"7500";"0";"97600";"284360";"398";"true";"";"09-02-2026 13:15";"26-03-2026 14:42"
"207";"QUILICURA";"ÑUBLE";"CHILLAN VIEJO";"520";"7500";"0";"95900";"279600";"390";"true";"";"09-02-2026 13:15";"26-03-2026 14:42"
"206";"QUILICURA";"ÑUBLE";"CHILLAN";"520";"7500";"0";"95900";"279600";"390";"true";"";"09-02-2026 13:15";"26-03-2026 14:42"
"205";"QUILICURA";"ÑUBLE";"BULNES";"520";"7500";"0";"95900";"279600";"390";"true";"";"09-02-2026 13:15";"26-03-2026 14:42"
"204";"QUILICURA";"MAULE";"PARRAL";"395";"6500";"0";"73650";"217300";"296";"true";"";"09-02-2026 13:15";"26-03-2026 14:42"
"203";"QUILICURA";"MAULE";"LINARES";"360";"6500";"0";"67700";"200640";"270";"true";"";"09-02-2026 13:15";"26-03-2026 14:42"
"202";"QUILICURA";"MAULE";"TALCA";"265";"5000";"0";"50050";"151220";"199";"true";"";"09-02-2026 13:15";"26-03-2026 14:42"
"201";"QUILICURA";"MAULE";"SAN JAVIER";"280";"5000";"0";"52600";"158360";"210";"true";"";"09-02-2026 13:15";"26-03-2026 14:42"
"200";"QUILICURA";"MAULE";"MAULE";"270";"5000";"0";"50900";"153600";"202";"true";"";"09-02-2026 13:15";"26-03-2026 14:42"
"199";"QUILICURA";"MAULE";"CONSTITUCION";"305";"6500";"0";"58350";"174460";"229";"true";"";"09-02-2026 13:15";"26-03-2026 14:42"
"198";"QUILICURA";"MAULE";"TENO";"200";"3000";"0";"37000";"114680";"150";"true";"";"09-02-2026 13:15";"26-03-2026 14:42"
"197";"QUILICURA";"MAULE";"SAGRADA FAMILIA";"200";"3000";"0";"37000";"114680";"150";"true";"";"09-02-2026 13:15";"26-03-2026 14:42"
"196";"QUILICURA";"MAULE";"ROMERAL";"200";"3000";"0";"37000";"114680";"150";"true";"";"09-02-2026 13:15";"26-03-2026 14:42"
"195";"QUILICURA";"MAULE";"RAUCO";"200";"3000";"0";"37000";"114680";"150";"true";"";"09-02-2026 13:15";"26-03-2026 14:42"
"194";"QUILICURA";"MAULE";"LICANTEN";"200";"3000";"0";"37000";"114680";"150";"true";"";"09-02-2026 13:15";"26-03-2026 14:42"
"193";"QUILICURA";"MAULE";"MOLINA";"200";"3000";"0";"37000";"114680";"150";"true";"";"09-02-2026 13:15";"26-03-2026 14:42"
"192";"QUILICURA";"MAULE";"CURICO";"200";"3000";"0";"37000";"114680";"150";"true";"";"09-02-2026 13:15";"26-03-2026 14:42"
"191";"QUILICURA";"MAULE";"YERBAS BUENAS";"330";"6500";"0";"62600";"186360";"248";"true";"";"09-02-2026 13:15";"26-03-2026 14:42"
"190";"QUILICURA";"MAULE";"RETIRO";"320";"6500";"0";"60900";"181600";"240";"true";"";"09-02-2026 13:15";"26-03-2026 14:42"
"189";"QUILICURA";"MAULE";"PELLUHUE";"370";"6500";"0";"69400";"205400";"278";"true";"";"09-02-2026 13:15";"26-03-2026 14:42"
"188";"QUILICURA";"MAULE";"LONGAVI";"350";"6500";"0";"66000";"195880";"262";"true";"";"09-02-2026 13:15";"26-03-2026 14:42"
"187";"QUILICURA";"MAULE";"COLBUN";"310";"6500";"0";"59200";"176840";"232";"true";"";"09-02-2026 13:15";"26-03-2026 14:42"
"186";"QUILICURA";"MAULE";"CHANCO";"390";"6500";"0";"72800";"214920";"292";"true";"";"09-02-2026 13:15";"26-03-2026 14:42"
"185";"QUILICURA";"MAULE";"CAUQUENES";"330";"6500";"0";"62600";"186360";"248";"true";"";"09-02-2026 13:15";"26-03-2026 14:42"
"184";"QUILICURA";"MAULE";"VILLA ALEGRE";"310";"6500";"0";"59200";"176840";"232";"true";"";"09-02-2026 13:15";"26-03-2026 14:42"
"183";"QUILICURA";"MAULE";"SAN RAFAEL";"285";"5000";"0";"53450";"160740";"214";"true";"";"09-02-2026 13:15";"26-03-2026 14:42"
"182";"QUILICURA";"MAULE";"SAN CLEMENTE";"290";"5000";"0";"54300";"163120";"218";"true";"";"09-02-2026 13:15";"26-03-2026 14:42"
"181";"QUILICURA";"MAULE";"RIO CLARO";"280";"5000";"0";"52600";"158360";"210";"true";"";"09-02-2026 13:15";"26-03-2026 14:42"
"180";"QUILICURA";"MAULE";"PENCAHUE";"280";"5000";"0";"52600";"158360";"210";"true";"";"09-02-2026 13:15";"26-03-2026 14:42"
"179";"QUILICURA";"MAULE";"PELARCO";"275";"5000";"0";"51750";"155980";"206";"true";"";"09-02-2026 13:15";"26-03-2026 14:42"
"178";"QUILICURA";"MAGALLANES Y ANTARTICA CHILENA";"PUERTO NATALES";"2260";"10000";"0";"394200";"1114840";"1695";"true";"";"09-02-2026 13:15";"26-03-2026 14:42"
"177";"QUILICURA";"MAGALLANES Y ANTARTICA CHILENA";"PUNTA ARENAS";"2280";"10000";"0";"397600";"1124360";"1710";"true";"";"09-02-2026 13:15";"26-03-2026 14:42"
"176";"QUILICURA";"LIBERTADOR BERNARDO OHIGGINS";"PLACILLA";"140";"3000";"1500";"28300";"90320";"105";"true";"";"09-02-2026 13:15";"26-03-2026 14:42"
"175";"QUILICURA";"LIBERTADOR BERNARDO OHIGGINS";"PALMILLA";"140";"3000";"1500";"28300";"90320";"105";"true";"";"09-02-2026 13:15";"26-03-2026 14:42"
"174";"QUILICURA";"LIBERTADOR BERNARDO OHIGGINS";"NANCAGUA";"140";"3000";"1500";"28300";"90320";"105";"true";"";"09-02-2026 13:15";"26-03-2026 14:42"
"173";"QUILICURA";"LIBERTADOR BERNARDO OHIGGINS";"MALLOA";"140";"3000";"1500";"28300";"90320";"105";"true";"";"09-02-2026 13:15";"26-03-2026 14:42"
"172";"QUILICURA";"LIBERTADOR BERNARDO OHIGGINS";"CHIMBARONGO";"140";"3000";"1500";"28300";"90320";"105";"true";"";"09-02-2026 13:15";"26-03-2026 14:42"
"171";"QUILICURA";"LIBERTADOR BERNARDO OHIGGINS";"CHEPICA";"140";"3000";"1500";"28300";"90320";"105";"true";"";"09-02-2026 13:15";"26-03-2026 14:42"
"170";"QUILICURA";"LIBERTADOR BERNARDO OHIGGINS";"SAN FRANCISCO MOSTAZAL";"85";"0";"1500";"15950";"55740";"64";"true";"";"09-02-2026 13:15";"26-03-2026 14:42"
"169";"QUILICURA";"LIBERTADOR BERNARDO OHIGGINS";"REQUINOA";"85";"0";"1500";"15950";"55740";"64";"true";"";"09-02-2026 13:15";"26-03-2026 14:42"
"168";"QUILICURA";"LIBERTADOR BERNARDO OHIGGINS";"QUINTA TILCOCO";"85";"0";"1500";"15950";"55740";"64";"true";"";"09-02-2026 13:15";"26-03-2026 14:42"
"167";"QUILICURA";"LIBERTADOR BERNARDO OHIGGINS";"PICHIDEGUA";"85";"0";"1500";"15950";"55740";"64";"true";"";"09-02-2026 13:15";"26-03-2026 14:42"
"166";"QUILICURA";"LIBERTADOR BERNARDO OHIGGINS";"PEUMO";"85";"0";"1500";"15950";"55740";"64";"true";"";"09-02-2026 13:15";"26-03-2026 14:42"
"165";"QUILICURA";"LIBERTADOR BERNARDO OHIGGINS";"LAS CABRAS";"85";"0";"1500";"15950";"55740";"64";"true";"";"09-02-2026 13:15";"26-03-2026 14:42"
"164";"QUILICURA";"LIBERTADOR BERNARDO OHIGGINS";"GRANEROS";"85";"0";"1500";"15950";"55740";"64";"true";"";"09-02-2026 13:15";"26-03-2026 14:42"
"163";"QUILICURA";"LIBERTADOR BERNARDO OHIGGINS";"COLTAUCO";"85";"0";"1500";"15950";"55740";"64";"true";"";"09-02-2026 13:15";"26-03-2026 14:42"
"162";"QUILICURA";"LIBERTADOR BERNARDO OHIGGINS";"COINCO";"85";"0";"1500";"15950";"55740";"64";"true";"";"09-02-2026 13:15";"26-03-2026 14:42"
"161";"QUILICURA";"LIBERTADOR BERNARDO OHIGGINS";"CODEGUA";"85";"0";"1500";"15950";"55740";"64";"true";"";"09-02-2026 13:15";"26-03-2026 14:42"
"160";"QUILICURA";"LIBERTADOR BERNARDO OHIGGINS";"SANTA CRUZ";"140";"3000";"1500";"28300";"90320";"105";"true";"";"09-02-2026 13:15";"26-03-2026 14:42"
"159";"QUILICURA";"LIBERTADOR BERNARDO OHIGGINS";"SAN VICENTE";"140";"3000";"1500";"28300";"90320";"105";"true";"";"09-02-2026 13:15";"26-03-2026 14:42"
"158";"QUILICURA";"LIBERTADOR BERNARDO OHIGGINS";"SAN FERNANDO";"140";"3000";"1500";"28300";"90320";"105";"true";"";"09-02-2026 13:15";"26-03-2026 14:42"
"157";"QUILICURA";"LIBERTADOR BERNARDO OHIGGINS";"RENGO";"140";"3000";"1500";"28300";"90320";"105";"true";"";"09-02-2026 13:15";"26-03-2026 14:42"
"156";"QUILICURA";"LIBERTADOR BERNARDO OHIGGINS";"RANCAGUA";"85";"0";"1500";"15950";"55740";"64";"true";"";"09-02-2026 13:15";"26-03-2026 14:42"
"155";"QUILICURA";"LIBERTADOR BERNARDO OHIGGINS";"MACHALI";"85";"0";"1500";"15950";"55740";"64";"true";"";"09-02-2026 13:15";"26-03-2026 14:42"
"154";"QUILICURA";"LIBERTADOR BERNARDO OHIGGINS";"OLIVAR";"85";"0";"1500";"15950";"55740";"64";"true";"";"09-02-2026 13:15";"26-03-2026 14:42"
"153";"QUILICURA";"GENERAL C. IBAÑEZ DEL CAMPO";"AYSEN";"1780";"10000";"0";"312600";"886360";"1335";"true";"";"09-02-2026 13:15";"26-03-2026 14:42"
"152";"QUILICURA";"GENERAL C. IBAÑEZ DEL CAMPO";"COYHAYQUE";"1730";"10000";"0";"304100";"862560";"1298";"true";"";"09-02-2026 13:15";"26-03-2026 14:42"
"151";"QUILICURA";"DE LOS RIOS";"MARIQUINA";"845";"8500";"0";"152150";"437100";"634";"true";"";"09-02-2026 13:15";"26-03-2026 14:42"
"150";"QUILICURA";"DE LOS RIOS";"PAILLACO";"845";"8500";"0";"152150";"437100";"634";"true";"";"09-02-2026 13:15";"26-03-2026 14:42"
"149";"QUILICURA";"DE LOS RIOS";"MAFIL";"860";"8500";"0";"154700";"444240";"645";"true";"";"09-02-2026 13:15";"26-03-2026 14:42"
"148";"QUILICURA";"DE LOS RIOS";"LOS LAGOS";"870";"8500";"0";"156400";"449000";"652";"true";"";"09-02-2026 13:15";"26-03-2026 14:42"
"147";"QUILICURA";"DE LOS RIOS";"FUTRONO";"880";"8500";"0";"158100";"453760";"660";"true";"";"09-02-2026 13:15";"26-03-2026 14:42"
"146";"QUILICURA";"DE LOS RIOS";"VALDIVIA";"840";"8500";"0";"151300";"434720";"630";"true";"";"09-02-2026 13:15";"26-03-2026 14:42"
"145";"QUILICURA";"DE LOS LAGOS";"QUEMCHI";"1200";"8500";"0";"212500";"606080";"900";"true";"";"09-02-2026 13:15";"26-03-2026 14:42"
"144";"QUILICURA";"DE LOS LAGOS";"QUELLON";"1200";"8500";"0";"212500";"606080";"900";"true";"";"09-02-2026 13:15";"26-03-2026 14:42"
"143";"QUILICURA";"DE LOS LAGOS";"DALCAHUE";"1200";"8500";"0";"212500";"606080";"900";"true";"";"09-02-2026 13:15";"26-03-2026 14:42"
"142";"QUILICURA";"DE LOS LAGOS";"CHONCHI";"1200";"8500";"0";"212500";"606080";"900";"true";"";"09-02-2026 13:15";"26-03-2026 14:42"
"141";"QUILICURA";"DE LOS LAGOS";"CASTRO";"1200";"8500";"0";"212500";"606080";"900";"true";"";"09-02-2026 13:15";"26-03-2026 14:42"
"140";"QUILICURA";"DE LOS LAGOS";"ANCUD";"1250";"10000";"0";"222500";"634080";"938";"true";"";"09-02-2026 13:15";"26-03-2026 14:42"
"139";"QUILICURA";"DE LOS LAGOS";"MAULLIN";"1100";"8500";"0";"195500";"558480";"825";"true";"";"09-02-2026 13:15";"26-03-2026 14:42"
"138";"QUILICURA";"DE LOS LAGOS";"LOS MUERMOS";"1130";"8500";"0";"200600";"572760";"848";"true";"";"09-02-2026 13:15";"26-03-2026 14:42"
"137";"QUILICURA";"DE LOS LAGOS";"LLANQUIHUE";"1115";"8500";"0";"198050";"565620";"836";"true";"";"09-02-2026 13:15";"26-03-2026 14:42"
"136";"QUILICURA";"DE LOS LAGOS";"FRUTILLAR";"1110";"8500";"0";"197200";"563240";"832";"true";"";"09-02-2026 13:15";"26-03-2026 14:42"
"135";"QUILICURA";"DE LOS LAGOS";"FRESIA";"1100";"8500";"0";"195500";"558480";"825";"true";"";"09-02-2026 13:15";"26-03-2026 14:42"
"134";"QUILICURA";"DE LOS LAGOS";"CALBUCO";"1105";"8500";"0";"196350";"560860";"829";"true";"";"09-02-2026 13:15";"26-03-2026 14:42"
"133";"QUILICURA";"DE LOS LAGOS";"SAN PABLO";"970";"8500";"0";"173400";"496600";"728";"true";"";"09-02-2026 13:15";"26-03-2026 14:42"
"132";"QUILICURA";"DE LOS LAGOS";"RIO NEGRO";"1010";"8500";"0";"180200";"515640";"758";"true";"";"09-02-2026 13:15";"26-03-2026 14:42"
"131";"QUILICURA";"DE LOS LAGOS";"PURRANQUE";"1000";"8500";"0";"178500";"510880";"750";"true";"";"09-02-2026 13:15";"26-03-2026 14:42"
"130";"QUILICURA";"DE LOS RIOS";"LA UNION";"965";"8500";"0";"172550";"494220";"724";"true";"";"09-02-2026 13:15";"26-03-2026 14:42"
"129";"QUILICURA";"DE LOS LAGOS";"PUERTO VARAS";"1120";"8500";"0";"198900";"568000";"840";"true";"";"09-02-2026 13:15";"26-03-2026 14:42"
"128";"QUILICURA";"DE LOS LAGOS";"PUERTO MONTT";"1100";"8500";"0";"195500";"558480";"825";"true";"";"09-02-2026 13:15";"26-03-2026 14:42"
"127";"QUILICURA";"DE LOS LAGOS";"OSORNO";"990";"8500";"0";"176800";"506120";"742";"true";"";"09-02-2026 13:15";"26-03-2026 14:42"
"126";"QUILICURA";"COQUIMBO";"ANDACOLLO";"500";"5500";"0";"90500";"264480";"375";"true";"";"09-02-2026 13:15";"26-03-2026 14:42"
"125";"QUILICURA";"COQUIMBO";"PUNITAQUI";"450";"5500";"0";"82000";"240680";"338";"true";"";"09-02-2026 13:15";"26-03-2026 14:42"
"124";"QUILICURA";"COQUIMBO";"MONTE PATRIA";"470";"5500";"0";"85400";"250200";"352";"true";"";"09-02-2026 13:15";"26-03-2026 14:42"
"123";"QUILICURA";"COQUIMBO";"COMBARBALA";"450";"5500";"0";"82000";"240680";"338";"true";"";"09-02-2026 13:15";"26-03-2026 14:42"
"122";"QUILICURA";"COQUIMBO";"LA SERENA";"470";"5500";"0";"85400";"250200";"352";"true";"";"09-02-2026 13:15";"26-03-2026 14:42"
"121";"QUILICURA";"COQUIMBO";"COQUIMBO";"480";"5500";"0";"87100";"254960";"360";"true";"";"09-02-2026 13:15";"26-03-2026 14:42"
"120";"QUILICURA";"COQUIMBO";"OVALLE";"420";"5500";"0";"76900";"226400";"315";"true";"";"09-02-2026 13:15";"26-03-2026 14:42"
"119";"QUILICURA";"COQUIMBO";"SALAMANCA";"360";"6500";"0";"67700";"200640";"270";"true";"";"09-02-2026 13:15";"26-03-2026 14:42"
"118";"QUILICURA";"COQUIMBO";"ILLAPEL";"410";"6500";"0";"76200";"224440";"308";"true";"";"09-02-2026 13:15";"26-03-2026 14:42"
"117";"QUILICURA";"COQUIMBO";"LOS VILOS";"380";"6500";"0";"71100";"210160";"285";"true";"";"09-02-2026 13:15";"26-03-2026 14:42"
"116";"QUILICURA";"ÑUBLE";"YUNGAY";"490";"6500";"0";"89800";"262520";"368";"true";"";"09-02-2026 13:15";"26-03-2026 14:42"
"115";"QUILICURA";"BIOBIO";"YUMBEL";"520";"7500";"0";"95900";"279600";"390";"true";"";"09-02-2026 13:15";"26-03-2026 14:42"
"114";"QUILICURA";"BIOBIO";"TUCAPEL";"540";"7500";"0";"99300";"289120";"405";"true";"";"09-02-2026 13:15";"26-03-2026 14:42"
"113";"QUILICURA";"BIOBIO";"SANTA BARBARA";"520";"7500";"0";"95900";"279600";"390";"true";"";"09-02-2026 13:15";"26-03-2026 14:42"
"112";"QUILICURA";"BIOBIO";"NEGRETE";"490";"6500";"0";"89800";"262520";"368";"true";"";"09-02-2026 13:15";"26-03-2026 14:42"
"111";"QUILICURA";"BIOBIO";"NACIMIENTO";"490";"6500";"0";"89800";"262520";"368";"true";"";"09-02-2026 13:15";"26-03-2026 14:42"
"110";"QUILICURA";"BIOBIO";"MULCHEN";"530";"7500";"0";"97600";"284360";"398";"true";"";"09-02-2026 13:15";"26-03-2026 14:42"
"109";"QUILICURA";"BIOBIO";"LAJA";"490";"6500";"0";"89800";"262520";"368";"true";"";"09-02-2026 13:15";"26-03-2026 14:42"
"108";"QUILICURA";"BIOBIO";"CABRERO";"510";"7500";"0";"94200";"274840";"382";"true";"";"09-02-2026 13:15";"26-03-2026 14:42"
"107";"QUILICURA";"BIOBIO";"QUILACO";"490";"6500";"0";"89800";"262520";"368";"true";"";"09-02-2026 13:15";"26-03-2026 14:42"
"106";"QUILICURA";"BIOBIO";"LOS ALAMOS";"540";"7500";"0";"99300";"289120";"405";"true";"";"09-02-2026 13:15";"26-03-2026 14:42"
"105";"QUILICURA";"BIOBIO";"LEBU";"550";"7500";"0";"101000";"293880";"412";"true";"";"09-02-2026 13:15";"26-03-2026 14:42"
"104";"QUILICURA";"BIOBIO";"HUALQUI";"480";"6500";"0";"88100";"257760";"360";"true";"";"09-02-2026 13:15";"26-03-2026 14:42"
"103";"QUILICURA";"BIOBIO";"CURANILAHUE";"560";"7500";"0";"102700";"298640";"420";"true";"";"09-02-2026 13:15";"26-03-2026 14:42"
"102";"QUILICURA";"BIOBIO";"CAÑETE";"510";"7500";"0";"94200";"274840";"382";"true";"";"09-02-2026 13:15";"26-03-2026 14:42"
"101";"QUILICURA";"BIOBIO";"ARAUCO";"490";"6500";"0";"89800";"262520";"368";"true";"";"09-02-2026 13:15";"26-03-2026 14:42"
"100";"QUILICURA";"BIOBIO";"LOS ANGELES";"490";"6500";"0";"89800";"262520";"368";"true";"";"09-02-2026 13:15";"26-03-2026 14:42"
"99";"QUILICURA";"BIOBIO";"TOME";"475";"6500";"0";"87250";"255380";"356";"true";"";"09-02-2026 13:15";"26-03-2026 14:42"
"98";"QUILICURA";"BIOBIO";"TALCAHUANO";"450";"6500";"0";"83000";"243480";"338";"true";"";"09-02-2026 13:15";"26-03-2026 14:42"
"97";"QUILICURA";"BIOBIO";"SAN PEDRO DE LA PAZ";"455";"6500";"0";"83850";"245860";"341";"true";"";"09-02-2026 13:15";"26-03-2026 14:42"
"96";"QUILICURA";"BIOBIO";"PENCO";"450";"6500";"0";"83000";"243480";"338";"true";"";"09-02-2026 13:15";"26-03-2026 14:42"
"95";"QUILICURA";"BIOBIO";"LOTA";"470";"6500";"0";"86400";"253000";"352";"true";"";"09-02-2026 13:15";"26-03-2026 14:42"
"94";"QUILICURA";"BIOBIO";"HUALPEN";"455";"6500";"0";"83850";"245860";"341";"true";"";"09-02-2026 13:15";"26-03-2026 14:42"
"93";"QUILICURA";"BIOBIO";"CORONEL";"480";"6500";"0";"88100";"257760";"360";"true";"";"09-02-2026 13:15";"26-03-2026 14:42"
"92";"QUILICURA";"BIOBIO";"CONCEPCION";"455";"6500";"0";"83850";"245860";"341";"true";"";"09-02-2026 13:15";"26-03-2026 14:42"
"91";"QUILICURA";"BIOBIO";"CHIGUAYANTE";"460";"6500";"0";"84700";"248240";"345";"true";"";"09-02-2026 13:15";"26-03-2026 14:42"
"90";"QUILICURA";"ATACAMA";"DIEGO DE ALMAGRO";"950";"9000";"0";"170500";"488480";"712";"true";"";"09-02-2026 13:15";"26-03-2026 14:42"
"89";"QUILICURA";"ATACAMA";"CHAÑARAL";"920";"9000";"0";"165400";"474200";"690";"true";"";"09-02-2026 13:15";"26-03-2026 14:42"
"88";"QUILICURA";"ATACAMA";"CALDERA";"850";"9000";"0";"153500";"440880";"638";"true";"";"09-02-2026 13:15";"26-03-2026 14:42"
"87";"QUILICURA";"ATACAMA";"HUASCO";"860";"9000";"0";"155200";"445640";"645";"true";"";"09-02-2026 13:15";"26-03-2026 14:42"
"86";"QUILICURA";"ATACAMA";"FREIRINA";"810";"9000";"0";"146700";"421840";"608";"true";"";"09-02-2026 13:15";"26-03-2026 14:42"
"85";"QUILICURA";"ATACAMA";"TIERRA AMARILLA";"810";"9000";"0";"146700";"421840";"608";"true";"";"09-02-2026 13:15";"26-03-2026 14:42"
"84";"QUILICURA";"ATACAMA";"COPIAPO";"800";"8000";"0";"144000";"414280";"600";"true";"";"09-02-2026 13:15";"26-03-2026 14:42"
"83";"QUILICURA";"ATACAMA";"VALLENAR";"820";"9000";"0";"148400";"426600";"615";"true";"";"09-02-2026 13:15";"26-03-2026 14:42"
"82";"QUILICURA";"ARICA Y PARINACOTA";"ARICA";"2160";"10000";"0";"377200";"1067240";"1620";"true";"";"09-02-2026 13:15";"26-03-2026 14:42"
"81";"QUILICURA";"DE LOS RIOS";"PANGUIPULLI";"750";"7500";"0";"135000";"389080";"562";"true";"";"09-02-2026 13:15";"26-03-2026 14:42"
"80";"QUILICURA";"ARAUCANIA";"PITRUFQUEN";"685";"7500";"0";"123950";"358140";"514";"true";"";"09-02-2026 13:15";"26-03-2026 14:42"
"79";"QUILICURA";"ARAUCANIA";"NUEVA IMPERIAL";"710";"7500";"0";"128200";"370040";"532";"true";"";"09-02-2026 13:15";"26-03-2026 14:42"
"78";"QUILICURA";"ARAUCANIA";"LONCOCHE";"700";"7500";"0";"126500";"365280";"525";"true";"";"09-02-2026 13:15";"26-03-2026 14:42"
"77";"QUILICURA";"ARAUCANIA";"LAUTARO";"680";"7500";"0";"123100";"355760";"510";"true";"";"09-02-2026 13:15";"26-03-2026 14:42"
"76";"QUILICURA";"DE LOS RIOS";"LANCO";"745";"7500";"0";"134150";"386700";"559";"true";"";"09-02-2026 13:15";"26-03-2026 14:42"
"75";"QUILICURA";"ARAUCANIA";"GORBEA";"680";"7500";"0";"123100";"355760";"510";"true";"";"09-02-2026 13:15";"26-03-2026 14:42"
"74";"QUILICURA";"ARAUCANIA";"FREIRE";"665";"7500";"0";"120550";"348620";"499";"true";"";"09-02-2026 13:15";"26-03-2026 14:42"
"73";"QUILICURA";"ARAUCANIA";"CARAHUE";"700";"7500";"0";"126500";"365280";"525";"true";"";"09-02-2026 13:15";"26-03-2026 14:42"
"72";"QUILICURA";"ARAUCANIA";"TRAIGUEN";"630";"7500";"0";"114600";"331960";"472";"true";"";"09-02-2026 13:15";"26-03-2026 14:42"
"71";"QUILICURA";"ARAUCANIA";"RENAICO";"605";"7500";"0";"110350";"320060";"454";"true";"";"09-02-2026 13:15";"26-03-2026 14:42"
"70";"QUILICURA";"ARAUCANIA";"PUREN";"615";"7500";"0";"112050";"324820";"461";"true";"";"09-02-2026 13:15";"26-03-2026 14:42"
"69";"QUILICURA";"ARAUCANIA";"LOS SAUCES";"620";"7500";"0";"112900";"327200";"465";"true";"";"09-02-2026 13:15";"26-03-2026 14:42"
"68";"QUILICURA";"ARAUCANIA";"ERCILLA";"650";"7500";"0";"118000";"341480";"488";"true";"";"09-02-2026 13:15";"26-03-2026 14:42"
"67";"QUILICURA";"ARAUCANIA";"CURACAUTIN";"640";"7500";"0";"116300";"336720";"480";"true";"";"09-02-2026 13:15";"26-03-2026 14:42"
"66";"QUILICURA";"BIOBIO";"CONTULMO";"610";"7500";"0";"111200";"322440";"458";"true";"";"09-02-2026 13:15";"26-03-2026 14:42"
"65";"QUILICURA";"ARAUCANIA";"VILLARRICA";"720";"7500";"0";"129900";"374800";"540";"true";"";"09-02-2026 13:15";"26-03-2026 14:42"
"64";"QUILICURA";"ARAUCANIA";"PUCON";"730";"7500";"0";"131600";"379560";"548";"true";"";"09-02-2026 13:15";"26-03-2026 14:42"
"63";"QUILICURA";"ARAUCANIA";"TEMUCO";"660";"7500";"0";"119700";"346240";"495";"true";"";"09-02-2026 13:15";"26-03-2026 14:42"
"62";"QUILICURA";"ARAUCANIA";"PADRE LAS CASAS";"665";"7500";"0";"120550";"348620";"499";"true";"";"09-02-2026 13:15";"26-03-2026 14:42"
"61";"QUILICURA";"ARAUCANIA";"VILCUN";"655";"7500";"0";"118850";"343860";"491";"true";"";"09-02-2026 13:15";"26-03-2026 14:42"
"60";"QUILICURA";"ARAUCANIA";"VICTORIA";"650";"7500";"0";"118000";"341480";"488";"true";"";"09-02-2026 13:15";"26-03-2026 14:42"
"59";"QUILICURA";"ARAUCANIA";"COLLIPULLI";"595";"7500";"0";"108650";"315300";"446";"true";"";"09-02-2026 13:15";"26-03-2026 14:42"
"58";"QUILICURA";"ARAUCANIA";"ANGOL";"580";"7500";"0";"106100";"308160";"435";"true";"";"09-02-2026 13:15";"26-03-2026 14:42"
"57";"QUILICURA";"ANTOFAGASTA";"SAN PEDRO DE ATACAMA";"1400";"10000";"0";"248000";"705480";"1050";"true";"";"09-02-2026 13:15";"26-03-2026 14:42"
"56";"QUILICURA";"ANTOFAGASTA";"CALAMA";"1360";"10000";"0";"241200";"686440";"1020";"true";"";"09-02-2026 13:15";"26-03-2026 14:42"
"53";"QUILICURA";"SANTIAGO";"SAN PEDRO";"15";"1800";"0";"4350";"23260";"11";"true";"";"06-02-2026 17:43";"26-03-2026 14:42"
"52";"QUILICURA";"SANTIAGO";"SAN JOSE DE MAIPO";"15";"1800";"0";"4350";"23260";"11";"true";"";"06-02-2026 17:43";"26-03-2026 14:42"
"51";"QUILICURA";"SANTIAGO";"PIRQUE";"50";"1800";"0";"10300";"39920";"38";"true";"";"06-02-2026 17:43";"26-03-2026 14:42"
"50";"QUILICURA";"SANTIAGO";"MARIA PINTO";"15";"1800";"0";"4350";"23260";"11";"true";"";"06-02-2026 17:43";"26-03-2026 14:42"
"49";"QUILICURA";"SANTIAGO";"TALAGANTE";"55";"1200";"0";"10550";"40620";"41";"true";"";"06-02-2026 17:43";"26-03-2026 14:42"
"48";"QUILICURA";"SANTIAGO";"PEÑAFLOR";"50";"1800";"0";"10300";"39920";"38";"true";"";"06-02-2026 17:43";"26-03-2026 14:42"
"47";"QUILICURA";"SANTIAGO";"PADRE HURTADO";"15";"1800";"0";"4350";"23260";"11";"true";"";"06-02-2026 17:43";"26-03-2026 14:42"
"46";"QUILICURA";"SANTIAGO";"ISLA DE MAIPO";"15";"1800";"0";"4350";"23260";"11";"true";"";"06-02-2026 17:43";"26-03-2026 14:42"
"45";"QUILICURA";"SANTIAGO";"EL MONTE";"65";"1200";"0";"12250";"45380";"49";"true";"";"06-02-2026 17:43";"26-03-2026 14:42"
"44";"QUILICURA";"SANTIAGO";"CALERA DE TANGO";"15";"1800";"0";"4350";"23260";"11";"true";"";"06-02-2026 17:43";"26-03-2026 14:42"
"43";"QUILICURA";"SANTIAGO";"VITACURA";"25";"1800";"0";"6050";"28020";"21";"true";"";"06-02-2026 17:43";"26-03-2026 14:42"
"42";"QUILICURA";"SANTIAGO";"SANTIAGO";"15";"1800";"0";"4350";"23260";"11";"true";"";"06-02-2026 17:43";"26-03-2026 14:42"
"41";"QUILICURA";"SANTIAGO";"SAN RAMON";"15";"1800";"0";"4350";"23260";"11";"true";"";"06-02-2026 17:43";"26-03-2026 14:42"
"40";"QUILICURA";"SANTIAGO";"SAN MIGUEL";"15";"1800";"0";"4350";"23260";"11";"true";"";"06-02-2026 17:43";"26-03-2026 14:42"
"39";"QUILICURA";"SANTIAGO";"SAN JOAQUIN";"15";"1800";"0";"4350";"23260";"11";"true";"";"06-02-2026 17:43";"26-03-2026 14:42"
"38";"QUILICURA";"SANTIAGO";"SAN BERNARDO";"35";"1800";"0";"7750";"32780";"26";"true";"";"06-02-2026 17:43";"26-03-2026 14:42"
"37";"QUILICURA";"SANTIAGO";"RENCA";"15";"1800";"0";"4350";"23260";"11";"true";"";"06-02-2026 17:43";"26-03-2026 14:42"
"36";"QUILICURA";"SANTIAGO";"RECOLETA";"15";"1800";"0";"4350";"23260";"11";"true";"";"06-02-2026 17:43";"26-03-2026 14:42"
"35";"QUILICURA";"SANTIAGO";"QUINTA NORMAL";"15";"1800";"0";"4350";"23260";"11";"true";"";"06-02-2026 17:43";"26-03-2026 14:42"
"34";"QUILICURA";"SANTIAGO";"PUENTE ALTO";"30";"1800";"0";"6900";"30400";"22";"true";"";"06-02-2026 17:43";"26-03-2026 14:42"
"33";"QUILICURA";"SANTIAGO";"PUDAHUEL";"15";"1800";"0";"4350";"23260";"11";"true";"";"06-02-2026 17:43";"26-03-2026 14:42"
"32";"QUILICURA";"SANTIAGO";"PROVIDENCIA";"18";"1800";"0";"4860";"24688";"14";"true";"";"06-02-2026 17:43";"26-03-2026 14:42"
"31";"QUILICURA";"SANTIAGO";"PEÑALOLEN";"25";"1800";"0";"6050";"28020";"19";"true";"";"06-02-2026 17:43";"26-03-2026 14:42"
"30";"QUILICURA";"SANTIAGO";"PEDRO AGUIRRE CERDA";"15";"1800";"0";"4350";"23260";"11";"true";"";"06-02-2026 17:43";"26-03-2026 14:42"
"29";"QUILICURA";"SANTIAGO";"PAINE";"65";"1200";"0";"12250";"45380";"49";"true";"";"06-02-2026 17:43";"26-03-2026 14:42"
"28";"QUILICURA";"SANTIAGO";"MELIPILLA";"75";"1200";"0";"13950";"50140";"56";"true";"";"06-02-2026 17:43";"26-03-2026 14:42"
"27";"QUILICURA";"SANTIAGO";"MAIPU";"15";"1800";"0";"4350";"23260";"11";"true";"";"06-02-2026 17:43";"26-03-2026 14:42"
"26";"QUILICURA";"SANTIAGO";"MACUL";"20";"1800";"0";"5200";"25640";"15";"true";"";"06-02-2026 17:43";"26-03-2026 14:42"
"25";"QUILICURA";"SANTIAGO";"LO PRADO";"15";"1800";"0";"4350";"23260";"11";"true";"";"06-02-2026 17:43";"26-03-2026 14:42"
"24";"QUILICURA";"SANTIAGO";"LO ESPEJO";"15";"1800";"0";"4350";"23260";"11";"true";"";"06-02-2026 17:43";"26-03-2026 14:42"
"23";"QUILICURA";"SANTIAGO";"LO BARNECHEA";"35";"1800";"0";"7750";"32780";"26";"true";"";"06-02-2026 17:43";"26-03-2026 14:42"
"22";"QUILICURA";"SANTIAGO";"LAS CONDES";"20";"1800";"0";"5200";"25640";"15";"true";"";"06-02-2026 17:43";"26-03-2026 14:42"
"21";"QUILICURA";"SANTIAGO";"LAMPA";"30";"1800";"0";"6900";"30400";"22";"true";"";"06-02-2026 17:43";"26-03-2026 14:42"
"20";"QUILICURA";"SANTIAGO";"LA REINA";"25";"1800";"0";"6050";"28020";"19";"true";"";"06-02-2026 17:43";"26-03-2026 14:42"
"19";"QUILICURA";"SANTIAGO";"LA PINTANA";"15";"1800";"0";"4350";"23260";"11";"true";"";"06-02-2026 17:43";"26-03-2026 14:42"
"18";"QUILICURA";"SANTIAGO";"LA GRANJA";"15";"1800";"0";"4350";"23260";"11";"true";"";"06-02-2026 17:43";"26-03-2026 14:42"
"17";"QUILICURA";"SANTIAGO";"LA FLORIDA";"25";"1800";"0";"6050";"28020";"19";"true";"";"06-02-2026 17:43";"26-03-2026 14:42"
"16";"QUILICURA";"SANTIAGO";"LA CISTERNA";"15";"1800";"0";"4350";"23260";"11";"true";"";"06-02-2026 17:43";"26-03-2026 14:42"
"15";"QUILICURA";"SANTIAGO";"ESTACION CENTRAL";"15";"1800";"0";"4350";"23260";"11";"true";"";"06-02-2026 17:43";"26-03-2026 14:42"
"14";"QUILICURA";"SANTIAGO";"EL BOSQUE";"15";"1800";"0";"4350";"23260";"11";"true";"";"06-02-2026 17:43";"26-03-2026 14:42"
"13";"QUILICURA";"SANTIAGO";"CONCHALI";"15";"1800";"0";"4350";"23260";"11";"true";"";"06-02-2026 17:43";"26-03-2026 14:42"
"12";"QUILICURA";"SANTIAGO";"COLINA";"50";"1800";"0";"10300";"39920";"38";"true";"";"06-02-2026 17:43";"26-03-2026 14:42"
"11";"QUILICURA";"SANTIAGO";"CERRO NAVIA";"15";"1800";"0";"4350";"23260";"11";"true";"";"06-02-2026 17:43";"26-03-2026 14:42"
"10";"QUILICURA";"SANTIAGO";"CERRILLOS";"15";"1800";"0";"4350";"23260";"11";"true";"";"06-02-2026 17:43";"26-03-2026 14:42"
"9";"QUILICURA";"SANTIAGO";"BUIN";"15";"1800";"0";"4350";"23260";"11";"true";"";"06-02-2026 17:43";"26-03-2026 14:42"
"8";"QUILICURA";"ANTOFAGASTA";"TOCOPILLA";"1320";"10000";"0";"234400";"667400";"990";"true";"";"06-02-2026 17:43";"26-03-2026 14:42"
"7";"QUILICURA";"ANTOFAGASTA";"MEJILLONES";"1290";"10000";"0";"229300";"653120";"968";"true";"";"06-02-2026 17:43";"26-03-2026 14:42"
"6";"QUILICURA";"ANTOFAGASTA";"MARIA ELENA";"1350";"10000";"0";"239500";"681680";"1012";"true";"";"06-02-2026 17:43";"26-03-2026 14:42"
"5";"QUILICURA";"ANTOFAGASTA";"ANTOFAGASTA";"1260";"10000";"0";"224200";"638840";"945";"true";"";"06-02-2026 17:43";"26-03-2026 14:42"
"4";"QUILICURA";"SANTIAGO";"ÑUÑOA";"37";"2000";"0";"8290";"34292";"15";"true";"";"06-02-2026 01:00";"26-03-2026 14:42"
"3";"QUILICURA";"SANTIAGO";"INDEPENDENCIA";"15";"1800";"0";"4350";"23260";"11";"true";"";"04-02-2026 17:36";"26-03-2026 14:42"
"2";"QUILICURA";"SANTIAGO";"QUILICURA";"0";"1800";"0";"1800";"16120";"0";"true";"";"04-02-2026 16:30";"26-03-2026 14:42"
"1";"QUILICURA";"SANTIAGO";"HUECHURABA";"15";"1800";"0";"4350";"23260";"11";"true";"";"04-02-2026 15:49";"26-03-2026 14:42"